order_status,orders_count,orders_share
delivered,96478,0.9702034372140264
shipped,1107,0.011132229161010046
canceled,625,0.006285133898492574
unavailable,609,0.006124234470691163
invoiced,314,0.0031576512706026688
processing,301,0.0030269204855140233
created,5,5.028107118794059e-05
approved,2,2.0112428475176234e-05
